{"class_name": "Model", "config": {"name": "model_1", "layers": [{"name": "input_2", "class_name": "InputLayer", "config": {"batch_input_shape": [null, 64, 64, 3], "dtype": "float32", "sparse": false, "name": "input_2"}, "inbound_nodes": []}, {"name": "sequential_1", "class_name": "Sequential", "config": [{"class_name": "Conv2D", "config": {"name": "conv2d_1", "trainable": true, "batch_input_shape": [null, 64, 64, 3], "dtype": "float32", "filters": 64, "kernel_size": [4, 4], "strides": [2, 2], "padding": "same", "data_format": "channels_last", "dilation_rate": [1, 1], "activation": "linear", "use_bias": true, "kernel_initializer": {"class_name": "VarianceScaling", "config": {"scale": 1.0, "mode": "fan_avg", "distribution": "uniform", "seed": null}}, "bias_initializer": {"class_name": "Zeros", "config": {}}, "kernel_regularizer": null, "bias_regularizer": null, "activity_regularizer": null, "kernel_constraint": null, "bias_constraint": null}}, {"class_name": "LeakyReLU", "config": {"name": "leaky_re_lu_1", "trainable": true, "alpha": 0.800000011920929}}, {"class_name": "Conv2D", "config": {"name": "conv2d_2", "trainable": true, "filters": 128, "kernel_size": [4, 4], "strides": [2, 2], "padding": "same", "data_format": "channels_last", "dilation_rate": [1, 1], "activation": "linear", "use_bias": true, "kernel_initializer": {"class_name": "VarianceScaling", "config": {"scale": 1.0, "mode": "fan_avg", "distribution": "uniform", "seed": null}}, "bias_initializer": {"class_name": "Zeros", "config": {}}, "kernel_regularizer": null, "bias_regularizer": null, "activity_regularizer": null, "kernel_constraint": null, "bias_constraint": null}}, {"class_name": "LeakyReLU", "config": {"name": "leaky_re_lu_2", "trainable": true, "alpha": 0.20000000298023224}}, {"class_name": "InstanceNormalization", "config": {"name": "instance_normalization_1", "trainable": true, "axis": null, "epsilon": 0.001, "center": true, "scale": true, "beta_initializer": {"class_name": "Zeros", "config": {}}, "gamma_initializer": {"class_name": "Ones", "config": {}}, "beta_regularizer": null, "gamma_regularizer": null, "beta_constraint": null, "gamma_constraint": null}}, {"class_name": "Conv2D", "config": {"name": "conv2d_3", "trainable": true, "filters": 256, "kernel_size": [4, 4], "strides": [2, 2], "padding": "same", "data_format": "channels_last", "dilation_rate": [1, 1], "activation": "linear", "use_bias": true, "kernel_initializer": {"class_name": "VarianceScaling", "config": {"scale": 1.0, "mode": "fan_avg", "distribution": "uniform", "seed": null}}, "bias_initializer": {"class_name": "Zeros", "config": {}}, "kernel_regularizer": null, "bias_regularizer": null, "activity_regularizer": null, "kernel_constraint": null, "bias_constraint": null}}, {"class_name": "LeakyReLU", "config": {"name": "leaky_re_lu_3", "trainable": true, "alpha": 0.20000000298023224}}, {"class_name": "InstanceNormalization", "config": {"name": "instance_normalization_2", "trainable": true, "axis": null, "epsilon": 0.001, "center": true, "scale": true, "beta_initializer": {"class_name": "Zeros", "config": {}}, "gamma_initializer": {"class_name": "Ones", "config": {}}, "beta_regularizer": null, "gamma_regularizer": null, "beta_constraint": null, "gamma_constraint": null}}, {"class_name": "Conv2D", "config": {"name": "conv2d_4", "trainable": true, "filters": 512, "kernel_size": [4, 4], "strides": [2, 2], "padding": "same", "data_format": "channels_last", "dilation_rate": [1, 1], "activation": "linear", "use_bias": true, "kernel_initializer": {"class_name": "VarianceScaling", "config": {"scale": 1.0, "mode": "fan_avg", "distribution": "uniform", "seed": null}}, "bias_initializer": {"class_name": "Zeros", "config": {}}, "kernel_regularizer": null, "bias_regularizer": null, "activity_regularizer": null, "kernel_constraint": null, "bias_constraint": null}}, {"class_name": "LeakyReLU", "config": {"name": "leaky_re_lu_4", "trainable": true, "alpha": 0.20000000298023224}}, {"class_name": "InstanceNormalization", "config": {"name": "instance_normalization_3", "trainable": true, "axis": null, "epsilon": 0.001, "center": true, "scale": true, "beta_initializer": {"class_name": "Zeros", "config": {}}, "gamma_initializer": {"class_name": "Ones", "config": {}}, "beta_regularizer": null, "gamma_regularizer": null, "beta_constraint": null, "gamma_constraint": null}}], "inbound_nodes": [[["input_2", 0, 0, {}]]]}, {"name": "flatten_1", "class_name": "Flatten", "config": {"name": "flatten_1", "trainable": true}, "inbound_nodes": [[["sequential_1", 1, 0, {}]]]}, {"name": "conv2d_5", "class_name": "Conv2D", "config": {"name": "conv2d_5", "trainable": true, "filters": 1, "kernel_size": [4, 4], "strides": [1, 1], "padding": "same", "data_format": "channels_last", "dilation_rate": [1, 1], "activation": "linear", "use_bias": true, "kernel_initializer": {"class_name": "VarianceScaling", "config": {"scale": 1.0, "mode": "fan_avg", "distribution": "uniform", "seed": null}}, "bias_initializer": {"class_name": "Zeros", "config": {}}, "kernel_regularizer": null, "bias_regularizer": null, "activity_regularizer": null, "kernel_constraint": null, "bias_constraint": null}, "inbound_nodes": [[["sequential_1", 1, 0, {}]]]}, {"name": "dense_1", "class_name": "Dense", "config": {"name": "dense_1", "trainable": true, "units": 11, "activation": "softmax", "use_bias": true, "kernel_initializer": {"class_name": "VarianceScaling", "config": {"scale": 1.0, "mode": "fan_avg", "distribution": "uniform", "seed": null}}, "bias_initializer": {"class_name": "Zeros", "config": {}}, "kernel_regularizer": null, "bias_regularizer": null, "activity_regularizer": null, "kernel_constraint": null, "bias_constraint": null}, "inbound_nodes": [[["flatten_1", 0, 0, {}]]]}], "input_layers": [["input_2", 0, 0]], "output_layers": [["conv2d_5", 0, 0], ["dense_1", 0, 0]]}, "keras_version": "2.1.4", "backend": "tensorflow"}